pm_id,person_id,movie_id,firstname,lastname
2,2,1,"Sigourney","Weaver"
3,3,1,"Tom","Skerritt"
6,6,2,"Emma","Stone"
9,9,3,"Zendaya","nolastname"
12,12,4,"Cillian","Murphy"
15,15,5,"Marlon","Brando"
18,18,6,"Leonardo","DiCaprio"
21,21,7,"Leonardo","DiCaprio"
24,24,8,"Tim","Robbins"
27,27,9,"Christian","Bale"
30,30,10,"Tom","Hanks"
33,33,11,"John","Travolta"
36,36,12,"Keanu","Reeves"
39,39,13,"Elijah","Woods"
42,42,14,"Brad","Pitt"
45,45,15,"Liam","Neeson"
48,48,16,"Russel","Crowe"
51,51,17,"Robert","De Niro"
54,54,18,"Anthony","Hopkins"
57,57,19,"Leonardo","DiCaprio"
60,60,20,"Tom","Hanks"
63,63,21,"Hugh","Jackman"
66,66,22,"Tom","Hanks"
69,69,23,"Matthew","Broderick"
72,72,24,"Al","Pacino"
75,75,25,"Sam","Neil"
78,78,26,"Bruce","Willis"
81,81,27,"Robert","Downey Jr"
84,84,28,"Jesse","Eisenberg"
87,87,29,"Sam","Worthington"
90,90,30,"Matthew","McConaughey"
93,93,31,"Leonardo","DiCaprio"
96,96,32,"Jamie","Foxx"
99,99,33,"Leonardo","Dicaprio"
102,102,34,"Sandra","Bullock"
105,105,35,"Chadwick","Boseman"
108,108,36,"Tom","Hardy"
111,111,37,"Ryan","Golsing"
114,114,38,"Joaquin","Pheonix"
117,117,39,"Ralph","Fiennes"
120,120,40,"Sally","Hawkins"
123,123,41,"Amy","Adams"
126,126,42,"Micheal","Keaton"
129,129,43,"Mark","Ruffalo"
132,132,44,"Miles","Teller"
135,135,45,"Jeff","Bridges"
138,138,46,"Javier","Bardem"
141,141,47,"Matt","Damon"
143,143,48,"Tom","Hanks"
147,147,49,"Daveigh","Chase"
149,149,50,"Leonardo","DiCaprio"
