creator_id,type
4,creator
7,creator
10,creator
13,creator
16,creator
19,creator
22,creator
25,creator
28,creator
31,creator
34,creator
37,creator
40,creator
43,creator
46,creator
49,creator
52,creator
55,creator
58,creator
61,creator
64,creator
67,creator
70,creator
73,creator
76,creator
79,creator
82,creator
85,creator
88,creator
91,creator
94,creator
97,creator
100,creator
103,creator
106,creator
109,creator
112,creator
115,creator
118,creator
121,creator
124,creator
127,creator
130,creator
133,creator
136,creator
139,creator
142,creator
145,creator
148,creator
151,creator
